family,product,version,engine,linking_page_title,linking_page_docsite,link_text,orphan_title,orphan_docsite,linking_page_file,orphan_file
en-us-ibi-di-ism,ibi-data-intelligence,1.1.0,flare,Packaged DQ Services,https://docs.tibco.com/pub/ibi-di/1.1.0/doc/html/DQ_user-guide/built_in_services.htm,Loqate API Access Keys,Loqate API Access Keys,https://docs.tibco.com/pub/ibi-di/1.1.0/doc/html/DQ_user-guide/loqate_api_access_keys.htm,DQ_user-guide/built_in_services.md,DQ_user-guide/loqate_api_access_keys.md
en-us-ibi-di-ism,ibi-data-intelligence,1.2.0,flare,Packaged DQ Services,https://docs.tibco.com/pub/ibi-di/1.2.0/doc/html/DQ_user-guide/built_in_services.htm,Loqate API Access Keys,Loqate API Access Keys,https://docs.tibco.com/pub/ibi-di/1.2.0/doc/html/DQ_user-guide/loqate_api_access_keys.htm,DQ_user-guide/built_in_services.md,DQ_user-guide/loqate_api_access_keys.md
en-us-ibi-focus,ibi-focus,9.3.0,flare,"Using Excel Display Formats: XLSX, EXL2K, EXL97",https://docs.tibco.com/pub/focus/9.3.0/doc/html/creating-reports/DisplayFormats10.htm,Translation Support for FORMAT XLSX FORMULA,Saving Report Output in Excel XLSX Format,https://docs.tibco.com/pub/focus/9.3.0/doc/html/creating-reports/DisplayFormats113.htm,creating-reports/DisplayFormats10.md,creating-reports/DisplayFormats113.md
en-us-ibi-focus,ibi-focus,9.3.1,flare,"Using Excel Display Formats: XLSX, EXL2K, EXL97",https://docs.tibco.com/pub/focus/9.3.1/doc/html/creating-reports/DisplayFormats10.htm,Translation Support for FORMAT XLSX FORMULA,Saving Report Output in Excel XLSX Format,https://docs.tibco.com/pub/focus/9.3.1/doc/html/creating-reports/DisplayFormats113.htm,creating-reports/DisplayFormats10.md,creating-reports/DisplayFormats113.md
en-us-ibi-webfocus,ibi-open-data-hub-for-mainframe-connectors,1.0.3,flare,Step 5. Run ISETUP,https://docs.tibco.com/pub/odh-mf-cnct/1.0.3/doc/html/server-install/USS/02-w.htm,JVM Requirements for Java Services,IBM i Installation Requirements,https://docs.tibco.com/pub/odh-mf-cnct/1.0.3/doc/html/server-install/inst_i5_new51.htm,server-install/USS/02-w.md,server-install/inst_i5_new51.md
en-us-ibi-webfocus,ibi-open-data-hub-for-mainframe-connectors,1.0.4,flare,Step 5. Run ISETUP,https://docs.tibco.com/pub/odh-mf-cnct/1.0.4/doc/html/server-install/USS/02-w.htm,JVM Requirements for Java Services,IBM i Installation Requirements,https://docs.tibco.com/pub/odh-mf-cnct/1.0.4/doc/html/server-install/inst_i5_new51.htm,server-install/USS/02-w.md,server-install/inst_i5_new51.md
en-us-ibi-webfocus,ibi-webfocus-app-studio,9.3.0,flare,Accessing Features With the Ribbon,https://docs.tibco.com/pub/wf-as/9.3.0/doc/html/en-us/user-guide-8207/navigating18.htm,"Creating, Viewing, and Editing Source Syntax","Creating, Viewing, and Editing Source Syntax",https://docs.tibco.com/pub/wf-as/9.3.0/doc/html/en-us/user-guide-8207/editor84_1.htm,user-guide-8207/navigating18.md,user-guide-8207/editor84_1.md
en-us-ibi-webfocus,ibi-webfocus-app-studio,9.3.1,flare,Accessing Features With the Ribbon,https://docs.tibco.com/pub/wf-as/9.3.1/doc/html/user-guide-8207/navigating18.htm,"Creating, Viewing, and Editing Source Syntax","Creating, Viewing, and Editing Source Syntax",https://docs.tibco.com/pub/wf-as/9.3.1/doc/html/user-guide-8207/editor84_1.htm,user-guide-8207/navigating18.md,user-guide-8207/editor84_1.md
en-us-ibi-webfocus,ibi-webfocus-client,9.3.0,flare,Creating Headings and Footings,https://docs.tibco.com/pub/wf-wf/9.3.0/doc/html/en-us/910-crlang/910_cr28_HeadFootTitleLabel222.htm,Extending Heading and Footing Code to Multiple Lines in a Report Request,Creating Headings and Footings,https://docs.tibco.com/pub/wf-wf/9.3.0/doc/html/en-us/910-crlang/cr28_HeadFootTitleLabel222.htm,910-crlang/910_cr28_HeadFootTitleLabel222.md,910-crlang/cr28_HeadFootTitleLabel222.md
en-us-ibi-webfocus,ibi-webfocus-client,9.3.1,flare,Creating Headings and Footings,https://docs.tibco.com/pub/wf-wf/9.3.1/doc/html/910-crlang/910_cr28_HeadFootTitleLabel222.htm,Extending Heading and Footing Code to Multiple Lines in a Report Request,Creating Headings and Footings,https://docs.tibco.com/pub/wf-wf/9.3.1/doc/html/910-crlang/cr28_HeadFootTitleLabel222.htm,910-crlang/910_cr28_HeadFootTitleLabel222.md,910-crlang/cr28_HeadFootTitleLabel222.md
en-us-ibi-webfocus,ibi-webfocus-installer,9.3.0,flare,Installing ibi WebFOCUS Integrated Installation,https://docs.tibco.com/pub/wf-wi/9.3.0/doc/html/integrated-installation/wfi_install_920.htm,Start or Stop WebFOCUS Integrated Installation Services,Installing WebFOCUS Integrated Installation,https://docs.tibco.com/pub/wf-wi/9.3.0/doc/html/integrated-installation/wfi_install.htm,integrated-installation/wfi_install_920.md,integrated-installation/wfi_install.md
en-us-ibi-webfocus,ibi-webfocus-installer,9.3.1,flare,Installing ibi WebFOCUS Integrated Installation,https://docs.tibco.com/pub/wf-wi/9.3.1/doc/html/integrated-installation/wfi_install_920.htm,Start or Stop WebFOCUS Integrated Installation Services,Installing WebFOCUS Integrated Installation,https://docs.tibco.com/pub/wf-wi/9.3.1/doc/html/integrated-installation/wfi_install.htm,integrated-installation/wfi_install_920.md,integrated-installation/wfi_install.md
en-us-ibi-wf-reporting-server,ibi-webfocus-reporting-server,9.3.0,flare,CHAR: Returning a Character Based on a Numeric Code,https://docs.tibco.com/pub/wf-rs/9.3.0/doc/html/en-us/dm-functions/char.htm,Character Chart for ASCII and EBCDIC,Character Chart for ASCII and EBCDIC,https://docs.tibco.com/pub/wf-rs/9.3.0/doc/html/en-us/dm-functions/types14.htm,dm-functions/char.md,dm-functions/types14.md
en-us-ibi-wf-reporting-server,ibi-webfocus-reporting-server,9.3.1,flare,CHAR: Returning a Character Based on a Numeric Code,https://docs.tibco.com/pub/wf-rs/9.3.1/doc/html/dm-functions/char.htm,Character Chart for ASCII and EBCDIC,Character Chart for ASCII and EBCDIC,https://docs.tibco.com/pub/wf-rs/9.3.1/doc/html/dm-functions/types14.htm,dm-functions/char.md,dm-functions/types14.md
en-us-tib-bw-plugin,tibco-activematrix-businessworks-plug-in-for-activespaces,7.1.1,dita,Importing a Table,https://docs.tibco.com/pub/bwpluginas/7.1.1/doc/html/bw5/GUID-368AA5AA-01F4-4198-B50F-68B00A2E53B6.html,Creating a DataGrid Connection,Creating a DataGrid Connection,https://docs.tibco.com/pub/bwpluginas/7.1.1/doc/html/bw5/GUID-7309DBFB-8110-43B8-9D2C-8267ACA7EC76.html,importing-a-table.md,creating-a-datagrid-connection.md
en-us-tib-bw-plugin,tibco-activematrix-businessworks-plug-in-for-activespaces,7.3.0,flare,Getting Started,https://docs.tibco.com/pub/bwpluginas/7.3.0/doc/html/users-guide/getting-started.htm,Importing a Table,Importing a Table,https://docs.tibco.com/pub/bwpluginas/7.3.0/doc/html/users-guide/importing-a-table.htm,users-guide/getting-started.md,users-guide/importing-a-table.md
en-us-tib-bw-plugin,tibco-activematrix-businessworks-plug-in-for-apache-kafka,5.0.0,flare,Apache Kafka Palette,https://docs.tibco.com/pub/bwpluginkafka/5.0.0/doc/bwpluginkafka/html/users-guide/apache-kafka-palette.htm,Kafka Receive Message activity,Kafka Receive Message Activity,https://docs.tibco.com/pub/bwpluginkafka/5.0.0/doc/bwpluginkafka/html/users-guide/kafka-receive-message-activity.htm,users-guide/apache-kafka-palette.md,users-guide/kafka-receive-message-activity.md
en-us-tib-bw-plugin,tibco-activematrix-businessworks-plug-in-for-businessconnect,6.3.1,flare,Log Management,https://docs.tibco.com/pub/bwpluginbc/6.3.1/doc/html/users-guide/managing-logs.htm,set up log levels,Setting Up Log Levels,https://docs.tibco.com/pub/bwpluginbc/6.3.1/doc/html/users-guide/setting-log-levels.htm,users-guide/managing-logs.md,users-guide/setting-log-levels.md
en-us-tib-bw-plugin,tibco-activematrix-businessworks-plug-in-for-businessconnect,6.3.2,flare,Log Management,https://docs.tibco.com/pub/bwpluginbc/6.3.2/doc/html/users-guide/managing-logs.htm,set up log levels,Setting Up Log Levels,https://docs.tibco.com/pub/bwpluginbc/6.3.2/doc/html/users-guide/setting-log-levels.htm,users-guide/managing-logs.md,users-guide/setting-log-levels.md
en-us-tib-bw-plugin,tibco-activematrix-businessworks-plug-in-for-database,7.2.1,flare,Adapter Configuration Reference,https://docs.tibco.com/pub/adadb/7.2.1/doc/adadb/html/config/Adapter_Configuration_Reference.htm,ActiveSpaces Connection Tab,ActiveSpaces Connection Tab,https://docs.tibco.com/pub/adadb/7.2.1/doc/adadb/html/config/ActiveSpaces_Connection_Tab.htm,config/Adapter_Configuration_Reference.md,config/ActiveSpaces_Connection_Tab.md
en-us-tib-bw-plugin,tibco-activematrix-businessworks-plug-in-for-database,7.3.1,flare,Changing Adapter Properties,https://docs.tibco.com/pub/adadb/7.3.1/doc/html/config/Changing_Adapter_Properties.htm,Changing Adapter Properties,Changing Adapter Properties,https://docs.tibco.com/pub/adadb/7.3.1/doc/html/config/Changing_Adapter_Properties_1.htm,config/Changing_Adapter_Properties.md,config/Changing_Adapter_Properties_1.md
en-us-tib-bw-plugin,tibco-activematrix-businessworks-plug-in-for-mdm,7.0.1,flare,Installing by Using an Update Site,https://docs.tibco.com/pub/bwpluginmdm/7.0.1/doc/html/installation/plugin-installation-update-sites.htm,Installing the Plug-in by Using the Public Update Site,Installing the Plug-in by Using the Public Update Site,https://docs.tibco.com/pub/bwpluginmdm/7.0.1/doc/html/installation/plugin-installing-public-update-site.htm,installation/plugin-installation-update-sites.md,installation/plugin-installing-public-update-site.md
en-us-tib-bw-plugin,tibco-activematrix-businessworks-plug-in-for-microsoft-sharepoint,6.3.1,flare,Installing by Using an Update Site,https://docs.tibco.com/pub/bwpluginsharepoint/6.3.1/doc/html/installation/plugin-installation-update-sites.htm,Installing from a Public Update Site,Installing the Plug-in by Using a Local Update Site or Directory,https://docs.tibco.com/pub/bwpluginsharepoint/6.3.1/doc/html/installation/plugin-installing-local-update-site.htm,installation/plugin-installation-update-sites.md,installation/plugin-installing-local-update-site.md
en-us-tib-bw-plugin,tibco-activematrix-businessworks-plug-in-for-microsoft-sharepoint,6.4.0,flare,Installing by Using an Update Site,https://docs.tibco.com/pub/bwpluginsharepoint/6.4.0/doc/html/installation/plugin-installation-update-sites.htm,Installing the Plug-in by Using a Local Update Site or Directory,Installing the Plug-in by Using a Local Update Site or Directory,https://docs.tibco.com/pub/bwpluginsharepoint/6.4.0/doc/html/installation/plugin-installing-local-update-site.htm,installation/plugin-installation-update-sites.md,installation/plugin-installing-local-update-site.md
en-us-tib-bw-plugin,tibco-activematrix-businessworks-plug-in-for-mobile-integration,6.4.0,flare,Installation,https://docs.tibco.com/pub/bwmi/6.4.0/doc/html/installation/plugin-installation-overview.htm,Installing by Using an Update Site,Installing by Using an Update Site,https://docs.tibco.com/pub/bwmi/6.4.0/doc/html/installation/plugin-installation-update-sites.htm,installation/plugin-installation-overview.md,installation/plugin-installation-update-sites.md
en-us-tib-bw-plugin,tibco-activematrix-businessworks-plug-in-for-odata,6.5.0,flare,Deploying an Application,https://docs.tibco.com/pub/bwpluginodata/6.5.0/doc/html/users-guide/deploying-an-application.htm,TIBCO Business Studio Overview,TIBCO Business Studio Overview,https://docs.tibco.com/pub/bwpluginodata/6.5.0/doc/html/users-guide/tibco-business-studio-overview.htm,users-guide/deploying-an-application.md,users-guide/tibco-business-studio-overview.md
en-us-tib-bw-plugin,tibco-activematrix-businessworks-plug-in-for-odata,6.6.0,flare,Deploying an Application,https://docs.tibco.com/pub/bwpluginodata/6.6.0/doc/html/users-guide/deploying-an-application.htm,TIBCO Business Studio Overview,TIBCO Business Studio Overview,https://docs.tibco.com/pub/bwpluginodata/6.6.0/doc/html/users-guide/tibco-business-studio-overview.htm,users-guide/deploying-an-application.md,users-guide/tibco-business-studio-overview.md
en-us-tib-bw-plugin,tibco-activematrix-businessworks-plug-in-for-odata-services-for-sap-s-4hana,6.3.0,flare,TIBCO ActiveMatrix BusinessWorks™ Plug-in for OData Services for SAP S/4HANA,https://docs.tibco.com/pub/bwplugins4hana/6.3.0/doc/html/_templates/Home.htm,Receive Business Events,Receive Business Events,https://docs.tibco.com/pub/bwplugins4hana/6.3.0/doc/html/users-guide/Receive-Business-Events.htm,_templates/Home.md,users-guide/Receive-Business-Events.md
en-us-tib-bw-plugin,tibco-activematrix-businessworks-plug-in-for-sap-solutions,7.3.2,flare,Adapter Components,https://docs.tibco.com/pub/adr3/7.3.2/doc/adr3/html/Concepts_guide/Adapter_Components.htm,Documentation,Documentation,https://docs.tibco.com/pub/adr3/7.3.2/doc/adr3/html/Concepts_guide/Documentation.htm,Concepts_guide/Adapter_Components.md,Concepts_guide/Documentation.md
en-us-tib-bw-plugin,tibco-activematrix-businessworks-plug-in-for-siebel,7.3.0,flare,What's New,https://docs.tibco.com/pub/bwpluginsiebel/7.3.0/doc/html/_templates/Whats-New.htm,Postinstallation Tasks,Postinstallation Tasks,https://docs.tibco.com/pub/bwpluginsiebel/7.3.0/doc/html/installation/postinstallation-tasks.htm,_templates/Whats-New.md,installation/postinstallation-tasks.md
en-us-tib-bw-plugin,tibco-activematrix-businessworks-plug-in-for-smartmapper,7.1.3,flare,Defining Relationships and Participants,https://docs.tibco.com/pub/adsmartmapper/7.1.3/doc/html/users-guide/defining-relationshi.htm,Relationship,Relationship,https://docs.tibco.com/pub/adsmartmapper/7.1.3/doc/html/users-guide/relationship2.htm,users-guide/defining-relationshi.md,users-guide/relationship2.md
en-us-tib-bw-plugin,tibco-activematrix-businessworks-plug-in-for-snowflake,6.2.0,flare,Getting Started,https://docs.tibco.com/pub/bwpluginsnowflake/6.2.0/doc/html/users-guide/getting-started.htm,Pushing an Application to Cloud,Pushing an Application to Cloud,https://docs.tibco.com/pub/bwpluginsnowflake/6.2.0/doc/html/users-guide/pushing-an-application-to-cloud.htm,users-guide/getting-started.md,users-guide/pushing-an-application-to-cloud.md
en-us-tib-bw-plugin,tibco-activematrix-businessworks-plug-in-for-snowflake,6.3.0,flare,Getting Started,https://docs.tibco.com/pub/bwpluginsnowflake/6.3.0/doc/html/users-guide/getting-started.htm,Pushing an Application to Cloud,Pushing an Application to Cloud,https://docs.tibco.com/pub/bwpluginsnowflake/6.3.0/doc/html/users-guide/pushing-an-application-to-cloud.htm,users-guide/getting-started.md,users-guide/pushing-an-application-to-cloud.md
en-us-tib-bw-plugin,tibco-activematrix-businessworks-plug-in-for-swift,6.10.0,flare,Installing by Using an Update Site,https://docs.tibco.com/pub/bwpluginswift/6.10.0/doc/html/installation/plugin-installation-update-sites.htm,Installing the Plug-in by Using the Public Update Site,Installing the Plug-in by Using the Public Update Site,https://docs.tibco.com/pub/bwpluginswift/6.10.0/doc/html/installation/plugin-installing-public-update-site.htm,installation/plugin-installation-update-sites.md,installation/plugin-installing-public-update-site.md
en-us-tib-bw-plugin,tibco-activematrix-businessworks-plug-in-for-swift,6.11.0,flare,Installing by Using an Update Site,https://docs.tibco.com/pub/bwpluginswift/6.11.0/doc/html/installation/plugin-installation-update-sites.htm,Installing the Plug-in by Using the Public Update Site,Installing the Plug-in by Using the Public Update Site,https://docs.tibco.com/pub/bwpluginswift/6.11.0/doc/html/installation/plugin-installing-public-update-site.htm,installation/plugin-installation-update-sites.md,installation/plugin-installing-public-update-site.md
en-us-tib-bw-plugin,tibco-activematrix-businessworks-plug-in-for-tibco-auditsafe,6.3.2,flare,Installation,https://docs.tibco.com/pub/bwpluginauditsafe/6.3.2/doc/html/installation/plugin-installation-overview.htm,Installing by Using an Update Site,Installing by Using an Update Site,https://docs.tibco.com/pub/bwpluginauditsafe/6.3.2/doc/html/installation/plugin-installation-update-sites.htm,installation/plugin-installation-overview.md,installation/plugin-installation-update-sites.md
en-us-tib-bw-plugin,tibco-activematrix-businessworks-plug-in-for-tibco-auditsafe,6.4.0,flare,Installation,https://docs.tibco.com/pub/bwpluginauditsafe/6.4.0/doc/html/installation/plugin-installation-overview.htm,Installing by Using an Update Site,Installing by Using an Update Site,https://docs.tibco.com/pub/bwpluginauditsafe/6.4.0/doc/html/installation/plugin-installation-update-sites.htm,installation/plugin-installation-overview.md,installation/plugin-installation-update-sites.md
en-us-tib-bw-plugin,tibco-activematrix-businessworks-plug-in-for-twitter,6.1.2,flare,Setting Up a Log Level,https://docs.tibco.com/pub/bwplugintwitter/6.1.2/doc/html/Setting_Up_a_Log_Level.htm,Log Levels,Log Levels,https://docs.tibco.com/pub/bwplugintwitter/6.1.2/doc/html/log-levels.htm,Setting_Up_a_Log_Level.md,log-levels.md
en-us-tib-bw-plugin,tibco-businessworks-plug-in-for-tibco-auditsafe-for-tibco-platform,6.0.0,flare,Installation,https://docs.tibco.com/pub/bwpluginauditsafeplatform/6.0.0/doc/html/installation/plugin-installation-overview.htm,Installing by Using an Update Site,Installing by Using an Update Site,https://docs.tibco.com/pub/bwpluginauditsafeplatform/6.0.0/doc/html/installation/plugin-installation-update-sites.htm,installation/plugin-installation-overview.md,installation/plugin-installation-update-sites.md
