bu,family,slug,version,engine,publishing_path,published,reason,detail
ibi,webfocus,ibi-webfocus-app-studio,9.3.5,flare,C:\github\ibi-docs-aem\en-us-ibi-webfocus-userdocs\en-us\ibi-webfocus-app-studio\online-help\9-3-5,yes,no single URL pattern,"the sitemap confirms no single URL mapping (303 of 303 topics placed, runner-up 303), and none is declared in config/origin-urls.yaml, so no 301.yml was written"
ibi,webfocus,ibi-webfocus-app-studio,9.3.6,flare,C:\github\ibi-docs-aem\en-us-ibi-webfocus-userdocs\en-us\ibi-webfocus-app-studio\online-help\9-3-6,yes,no single URL pattern,"the sitemap confirms no single URL mapping (302 of 302 topics placed, runner-up 300), and none is declared in config/origin-urls.yaml, so no 301.yml was written"
ibi,webfocus,ibi-webfocus-app-studio,9.3.7,flare,C:\github\ibi-docs-aem\en-us-ibi-webfocus-userdocs\en-us\ibi-webfocus-app-studio\online-help\9-3-7,yes,no single URL pattern,"the sitemap confirms no single URL mapping (262 of 262 topics placed, runner-up 259), and none is declared in config/origin-urls.yaml, so no 301.yml was written"
ibi,webfocus,ibi-webfocus-app-studio,9.3.8,flare,C:\github\ibi-docs-aem\en-us-ibi-webfocus-userdocs\en-us\ibi-webfocus-app-studio\online-help\9-3-8,yes,no single URL pattern,"the sitemap confirms no single URL mapping (257 of 323 topics placed, runner-up 256), and none is declared in config/origin-urls.yaml, so no 301.yml was written"
ibi,webfocus,ibi-webfocus-client,9.3.5,flare,C:\github\ibi-docs-aem\en-us-ibi-webfocus-userdocs\en-us\ibi-webfocus-client\online-help\9-3-5,yes,no single URL pattern,"the sitemap confirms no single URL mapping (2788 of 2830 topics placed, runner-up 2788), and none is declared in config/origin-urls.yaml, so no 301.yml was written"
ibi,webfocus,ibi-webfocus-client,9.3.6,flare,C:\github\ibi-docs-aem\en-us-ibi-webfocus-userdocs\en-us\ibi-webfocus-client\online-help\9-3-6,yes,no single URL pattern,"the sitemap confirms no single URL mapping (2770 of 2824 topics placed, runner-up 2750), and none is declared in config/origin-urls.yaml, so no 301.yml was written"
ibi,webfocus,ibi-webfocus-client,9.3.7,flare,C:\github\ibi-docs-aem\en-us-ibi-webfocus-userdocs\en-us\ibi-webfocus-client\online-help\9-3-7,yes,no single URL pattern,"the sitemap confirms no single URL mapping (2822 of 2882 topics placed, runner-up 2791), and none is declared in config/origin-urls.yaml, so no 301.yml was written"
ibi,webfocus,ibi-webfocus-client,9.3.8,flare,C:\github\ibi-docs-aem\en-us-ibi-webfocus-userdocs\en-us\ibi-webfocus-client\online-help\9-3-8,yes,no single URL pattern,"the sitemap confirms no single URL mapping (2895 of 2961 topics placed, runner-up 2886), and none is declared in config/origin-urls.yaml, so no 301.yml was written"
ibi,webfocus,ibi-webfocus-dsml-services,9.3.8,flare,C:\github\ibi-docs-aem\en-us-ibi-webfocus-userdocs\en-us\ibi-webfocus-dsml-services\online-help\9-3-8,yes,no single URL pattern,"the sitemap confirms no single URL mapping (5 of 6 topics placed, runner-up 0), and none is declared in config/origin-urls.yaml, so no 301.yml was written"
ibi,wf-reporting-server,ibi-webfocus-reporting-server,9.3.5,flare,C:\github\ibi-docs-aem\en-us-ibi-wf-reporting-server-userdocs\en-us\ibi-webfocus-reporting-server\online-help\9-3-5,yes,no single URL pattern,"the sitemap confirms no single URL mapping (2393 of 2393 topics placed, runner-up 2393), and none is declared in config/origin-urls.yaml, so no 301.yml was written"
ibi,wf-reporting-server,ibi-webfocus-reporting-server,9.3.6,flare,C:\github\ibi-docs-aem\en-us-ibi-wf-reporting-server-userdocs\en-us\ibi-webfocus-reporting-server\online-help\9-3-6,yes,no single URL pattern,"the sitemap confirms no single URL mapping (2375 of 2375 topics placed, runner-up 2375), and none is declared in config/origin-urls.yaml, so no 301.yml was written"
ibi,wf-reporting-server,ibi-webfocus-reporting-server,9.3.7,flare,C:\github\ibi-docs-aem\en-us-ibi-wf-reporting-server-userdocs\en-us\ibi-webfocus-reporting-server\online-help\9-3-7,yes,no single URL pattern,"the sitemap confirms no single URL mapping (2394 of 2394 topics placed, runner-up 2383), and none is declared in config/origin-urls.yaml, so no 301.yml was written"
ibi,wf-reporting-server,ibi-webfocus-reporting-server,9.3.8,flare,C:\github\ibi-docs-aem\en-us-ibi-wf-reporting-server-userdocs\en-us\ibi-webfocus-reporting-server\online-help\9-3-8,yes,no single URL pattern,"the sitemap confirms no single URL mapping (2953 of 3019 topics placed, runner-up 2911), and none is declared in config/origin-urls.yaml, so no 301.yml was written"
tibco,activespaces,tibco-silver-fabric-enabler-for-activespaces-enterprise-edition,1.2.0,webworks,C:\github\tibco-docs-aem\en-us-tib-activespaces-userdocs\en-us\tibco-silver-fabric-enabler-for-activespaces-enterprise-edition\online-help\1-2-0,yes,product not in sitemap,"no Coveo sitemap page list for this version (cache/coveo/manifest.json lists no product file for tibco-silver-fabric-enabler-for-activespaces-enterprise-edition) and no usable template in config/origin-urls.yaml (none is declared), so no 301.yml was written"
tibco,bw-plugin,tibco-activematrix-businessworks-plug-in-for-sap-business-technology-platform,6.0.0,flare,C:\github\tibco-docs-aem\en-us-tib-bw-plugin-userdocs\en-us\tibco-activematrix-businessworks-plug-in-for-sap-business-technology-platform\online-help\6-0-0,yes,no single URL pattern,"the sitemap confirms no single URL mapping (61 of 89 topics placed, runner-up 0), and none is declared in config/origin-urls.yaml, so no 301.yml was written"
tibco,bw-plugin,tibco-activematrix-businessworks-plug-in-for-smartmapper,6.0.0,webworks,C:\github\tibco-docs-aem\en-us-tib-bw-plugin-userdocs\en-us\tibco-activematrix-businessworks-plug-in-for-smartmapper\online-help\6-0-0,yes,no single URL pattern,"the sitemap confirms no single URL mapping (0 of 146 topics placed, runner-up 0), and none is declared in config/origin-urls.yaml, so no 301.yml was written"
tibco,bw-plugin,tibco-activematrix-businessworks-activeaspects-plug-in,1.0,webworks,C:\github\tibco-docs-aem\en-us-tib-bw-plugin-userdocs\en-us\tibco-activematrix-businessworks-activeaspects-plug-in\online-help\1-0,yes,product not in sitemap,"no Coveo sitemap page list for this version (cache/coveo/manifest.json lists no product file for tibco-activematrix-businessworks-activeaspects-plug-in) and no usable template in config/origin-urls.yaml (none is declared), so no 301.yml was written"
tibco,bw-plugin,tibco-activematrix-businessworks-activeaspects-plug-in,1.1,webworks,C:\github\tibco-docs-aem\en-us-tib-bw-plugin-userdocs\en-us\tibco-activematrix-businessworks-activeaspects-plug-in\online-help\1-1,yes,product not in sitemap,"no Coveo sitemap page list for this version (cache/coveo/manifest.json lists no product file for tibco-activematrix-businessworks-activeaspects-plug-in) and no usable template in config/origin-urls.yaml (none is declared), so no 301.yml was written"
tibco,bw-plugin,tibco-activematrix-businessworks-activeaspects-plug-in,1.2,webworks,C:\github\tibco-docs-aem\en-us-tib-bw-plugin-userdocs\en-us\tibco-activematrix-businessworks-activeaspects-plug-in\online-help\1-2,yes,product not in sitemap,"no Coveo sitemap page list for this version (cache/coveo/manifest.json lists no product file for tibco-activematrix-businessworks-activeaspects-plug-in) and no usable template in config/origin-urls.yaml (none is declared), so no 301.yml was written"
tibco,bw-plugin,tibco-activematrix-businessworks-bpel-extension,5.7.0,webworks,C:\github\tibco-docs-aem\en-us-tib-bw-plugin-userdocs\en-us\tibco-activematrix-businessworks-bpel-extension\online-help\5-7-0,yes,product not in sitemap,"no Coveo sitemap page list for this version (cache/coveo/manifest.json lists no product file for tibco-activematrix-businessworks-bpel-extension) and no usable template in config/origin-urls.yaml (none is declared), so no 301.yml was written"
tibco,bw-plugin,tibco-activematrix-businessworks-bpel-extension,5.7.1,webworks,C:\github\tibco-docs-aem\en-us-tib-bw-plugin-userdocs\en-us\tibco-activematrix-businessworks-bpel-extension\online-help\5-7-1,yes,product not in sitemap,"no Coveo sitemap page list for this version (cache/coveo/manifest.json lists no product file for tibco-activematrix-businessworks-bpel-extension) and no usable template in config/origin-urls.yaml (none is declared), so no 301.yml was written"
tibco,bw-plugin,tibco-activematrix-businessworks-bpel-extension,5.8.0,webworks,C:\github\tibco-docs-aem\en-us-tib-bw-plugin-userdocs\en-us\tibco-activematrix-businessworks-bpel-extension\online-help\5-8-0,yes,product not in sitemap,"no Coveo sitemap page list for this version (cache/coveo/manifest.json lists no product file for tibco-activematrix-businessworks-bpel-extension) and no usable template in config/origin-urls.yaml (none is declared), so no 301.yml was written"
tibco,bw-plugin,tibco-activematrix-businessworks-bpel-extension,5.9,webworks,C:\github\tibco-docs-aem\en-us-tib-bw-plugin-userdocs\en-us\tibco-activematrix-businessworks-bpel-extension\online-help\5-9,yes,product not in sitemap,"no Coveo sitemap page list for this version (cache/coveo/manifest.json lists no product file for tibco-activematrix-businessworks-bpel-extension) and no usable template in config/origin-urls.yaml (none is declared), so no 301.yml was written"
tibco,bw-plugin,tibco-activematrix-businessworks-plug-in-component-for-aws-common-services,6.1.1,flare,C:\github\tibco-docs-aem\en-us-tib-bw-plugin-userdocs\en-us\tibco-activematrix-businessworks-plug-in-component-for-aws-common-services\online-help\6-1-1,yes,product not in sitemap,"no Coveo sitemap page list for this version (cache/coveo/manifest.json lists no product file for tibco-activematrix-businessworks-plug-in-component-for-aws-common-services) and no usable template in config/origin-urls.yaml (none is declared), so no 301.yml was written"
tibco,bw-plugin,tibco-activematrix-businessworks-plug-in-development-kit,6.2.1,dita,C:\github\tibco-docs-aem\en-us-tib-bw-plugin-userdocs\en-us\tibco-activematrix-businessworks-plug-in-development-kit\online-help\6-2-1,yes,product not in sitemap,"no Coveo sitemap page list for this version (cache/coveo/manifest.json lists no product file for tibco-activematrix-businessworks-plug-in-development-kit) and no usable template in config/origin-urls.yaml (none is declared), so no 301.yml was written"
tibco,bw-plugin,tibco-activematrix-businessworks-plug-in-development-kit,6.3.0,dita,C:\github\tibco-docs-aem\en-us-tib-bw-plugin-userdocs\en-us\tibco-activematrix-businessworks-plug-in-development-kit\online-help\6-3-0,yes,product not in sitemap,"no Coveo sitemap page list for this version (cache/coveo/manifest.json lists no product file for tibco-activematrix-businessworks-plug-in-development-kit) and no usable template in config/origin-urls.yaml (none is declared), so no 301.yml was written"
tibco,bw-plugin,tibco-activematrix-businessworks-plug-in-development-kit,6.3.1,flare,C:\github\tibco-docs-aem\en-us-tib-bw-plugin-userdocs\en-us\tibco-activematrix-businessworks-plug-in-development-kit\online-help\6-3-1,yes,product not in sitemap,"no Coveo sitemap page list for this version (cache/coveo/manifest.json lists no product file for tibco-activematrix-businessworks-plug-in-development-kit) and no usable template in config/origin-urls.yaml (none is declared), so no 301.yml was written"
tibco,bw-plugin,tibco-activematrix-businessworks-plug-in-for-edi,6.3.0,dita,C:\github\tibco-docs-aem\en-us-tib-bw-plugin-userdocs\en-us\tibco-activematrix-businessworks-plug-in-for-edi\online-help\6-3-0,yes,product not in sitemap,"no Coveo sitemap page list for this version (cache/coveo/manifest.json lists no product file for tibco-activematrix-businessworks-plug-in-for-edi) and no usable template in config/origin-urls.yaml (none is declared), so no 301.yml was written"
tibco,bw-plugin,tibco-activematrix-businessworks-plug-in-for-ibm-i,7.3.0,dita,C:\github\tibco-docs-aem\en-us-tib-bw-plugin-userdocs\en-us\tibco-activematrix-businessworks-plug-in-for-ibm-i\online-help\7-3-0,yes,product not in sitemap,"no Coveo sitemap page list for this version (cache/coveo/manifest.json lists no product file for tibco-activematrix-businessworks-plug-in-for-ibm-i) and no usable template in config/origin-urls.yaml (none is declared), so no 301.yml was written"
tibco,bw-plugin,tibco-activematrix-businessworks-plug-in-for-osb,6.0.0,webworks,C:\github\tibco-docs-aem\en-us-tib-bw-plugin-userdocs\en-us\tibco-activematrix-businessworks-plug-in-for-osb\online-help\6-0-0,yes,product not in sitemap,"no Coveo sitemap page list for this version (cache/coveo/manifest.json lists no product file for tibco-activematrix-businessworks-plug-in-for-osb) and no usable template in config/origin-urls.yaml (none is declared), so no 301.yml was written"
tibco,bw-plugin,tibco-activematrix-businessworks-plug-in-for-tibco-clarity,6.1.1,dita,C:\github\tibco-docs-aem\en-us-tib-bw-plugin-userdocs\en-us\tibco-activematrix-businessworks-plug-in-for-tibco-clarity\online-help\6-1-1,yes,product not in sitemap,"no Coveo sitemap page list for this version (cache/coveo/manifest.json lists no product file for tibco-activematrix-businessworks-plug-in-for-tibco-clarity) and no usable template in config/origin-urls.yaml (none is declared), so no 301.yml was written"
tibco,bw-plugin,tibco-activematrix-businessworks-plug-in-for-tibco-eftl,6.0.0,dita,C:\github\tibco-docs-aem\en-us-tib-bw-plugin-userdocs\en-us\tibco-activematrix-businessworks-plug-in-for-tibco-eftl\online-help\6-0-0,yes,product not in sitemap,"no Coveo sitemap page list for this version (cache/coveo/manifest.json lists no product file for tibco-activematrix-businessworks-plug-in-for-tibco-eftl) and no usable template in config/origin-urls.yaml (none is declared), so no 301.yml was written"
tibco,bw-plugin,tibco-activematrix-businessworks-plug-in-for-tibco-managed-file-transfer,1.0.0,webworks,C:\github\tibco-docs-aem\en-us-tib-bw-plugin-userdocs\en-us\tibco-activematrix-businessworks-plug-in-for-tibco-managed-file-transfer\online-help\1-0-0,yes,product not in sitemap,"no Coveo sitemap page list for this version (cache/coveo/manifest.json lists no product file for tibco-activematrix-businessworks-plug-in-for-tibco-managed-file-transfer) and no usable template in config/origin-urls.yaml (none is declared), so no 301.yml was written"
tibco,bw-plugin,tibco-activematrix-businessworks-plug-in-for-tibco-managed-file-transfer,6.3.0,dita,C:\github\tibco-docs-aem\en-us-tib-bw-plugin-userdocs\en-us\tibco-activematrix-businessworks-plug-in-for-tibco-managed-file-transfer\online-help\6-3-0,yes,product not in sitemap,"no Coveo sitemap page list for this version (cache/coveo/manifest.json lists no product file for tibco-activematrix-businessworks-plug-in-for-tibco-managed-file-transfer) and no usable template in config/origin-urls.yaml (none is declared), so no 301.yml was written"
tibco,bw-plugin,tibco-activematrix-businessworks-plug-in-for-transaction-insight,6.0.0,dita,C:\github\tibco-docs-aem\en-us-tib-bw-plugin-userdocs\en-us\tibco-activematrix-businessworks-plug-in-for-transaction-insight\online-help\6-0-0,yes,product not in sitemap,"no Coveo sitemap page list for this version (cache/coveo/manifest.json lists no product file for tibco-activematrix-businessworks-plug-in-for-transaction-insight) and no usable template in config/origin-urls.yaml (none is declared), so no 301.yml was written"
tibco,bw-plugin,tibco-activematrix-businessworks-plug-in-for-transaction-insight,6.0.1,flare,C:\github\tibco-docs-aem\en-us-tib-bw-plugin-userdocs\en-us\tibco-activematrix-businessworks-plug-in-for-transaction-insight\online-help\6-0-1,yes,product not in sitemap,"no Coveo sitemap page list for this version (cache/coveo/manifest.json lists no product file for tibco-activematrix-businessworks-plug-in-for-transaction-insight) and no usable template in config/origin-urls.yaml (none is declared), so no 301.yml was written"
tibco,bw-plugin,tibco-activematrix-businessworks-plug-in-for-trillium,6.0.0,dita,C:\github\tibco-docs-aem\en-us-tib-bw-plugin-userdocs\en-us\tibco-activematrix-businessworks-plug-in-for-trillium\online-help\6-0-0,yes,product not in sitemap,"no Coveo sitemap page list for this version (cache/coveo/manifest.json lists no product file for tibco-activematrix-businessworks-plug-in-for-trillium) and no usable template in config/origin-urls.yaml (none is declared), so no 301.yml was written"
tibco,bw-plugin,tibco-businessworks-integrationmanager-plug-in,1.0,webworks,C:\github\tibco-docs-aem\en-us-tib-bw-plugin-userdocs\en-us\tibco-businessworks-integrationmanager-plug-in\online-help\1-0,yes,product not in sitemap,"no Coveo sitemap page list for this version (cache/coveo/manifest.json lists no product file for tibco-businessworks-integrationmanager-plug-in) and no usable template in config/origin-urls.yaml (none is declared), so no 301.yml was written"
tibco,bw-plugin,tibco-activematrix-businessworks-plug-in-for-activespaces,2.2.0,webworks,C:\github\tibco-docs-aem\en-us-tib-bw-plugin-userdocs\en-us\tibco-activematrix-businessworks-plug-in-for-activespaces\online-help\2-2-0,yes,version not in sitemap,"no Coveo sitemap page list for this version (the cached sitemap of tibco-activematrix-businessworks-plug-in-for-activespaces lists no page list for 2.2.0) and no usable template in config/origin-urls.yaml (none is declared), so no 301.yml was written"
tibco,bw-plugin,tibco-activematrix-businessworks-plug-in-for-mobile-integration,1.2.2,webworks,C:\github\tibco-docs-aem\en-us-tib-bw-plugin-userdocs\en-us\tibco-activematrix-businessworks-plug-in-for-mobile-integration\online-help\1-2-2,yes,version not in sitemap,"no Coveo sitemap page list for this version (the cached sitemap of tibco-activematrix-businessworks-plug-in-for-mobile-integration lists no page list for 1.2.2) and no usable template in config/origin-urls.yaml (none is declared), so no 301.yml was written"
tibco,bw-plugin,tibco-activematrix-businessworks-plug-in-for-mongodb,6.1.0,dita,C:\github\tibco-docs-aem\en-us-tib-bw-plugin-userdocs\en-us\tibco-activematrix-businessworks-plug-in-for-mongodb\online-help\6-1-0,yes,version not in sitemap,"no Coveo sitemap page list for this version (the cached sitemap of tibco-activematrix-businessworks-plug-in-for-mongodb lists no page list for 6.1.0) and no usable template in config/origin-urls.yaml (none is declared), so no 301.yml was written"
tibco,bw-plugin,tibco-activematrix-businessworks-plug-in-for-netsuite,1.0.0,webworks,C:\github\tibco-docs-aem\en-us-tib-bw-plugin-userdocs\en-us\tibco-activematrix-businessworks-plug-in-for-netsuite\online-help\1-0-0,yes,version not in sitemap,"no Coveo sitemap page list for this version (the cached sitemap of tibco-activematrix-businessworks-plug-in-for-netsuite lists no page list for 1.0.0) and no usable template in config/origin-urls.yaml (none is declared), so no 301.yml was written"
tibco,bw-plugin,tibco-activematrix-businessworks-plug-in-for-netsuite,1.1.0,webworks,C:\github\tibco-docs-aem\en-us-tib-bw-plugin-userdocs\en-us\tibco-activematrix-businessworks-plug-in-for-netsuite\online-help\1-1-0,yes,version not in sitemap,"no Coveo sitemap page list for this version (the cached sitemap of tibco-activematrix-businessworks-plug-in-for-netsuite lists no page list for 1.1.0) and no usable template in config/origin-urls.yaml (none is declared), so no 301.yml was written"
tibco,bw-plugin,tibco-activematrix-businessworks-plug-in-for-odata,6.3.0,dita,C:\github\tibco-docs-aem\en-us-tib-bw-plugin-userdocs\en-us\tibco-activematrix-businessworks-plug-in-for-odata\online-help\6-3-0,yes,version not in sitemap,"no Coveo sitemap page list for this version (the cached sitemap of tibco-activematrix-businessworks-plug-in-for-odata lists no page list for 6.3.0) and no usable template in config/origin-urls.yaml (none is declared), so no 301.yml was written"
tibco,bw-plugin,tibco-activematrix-businessworks-plug-in-for-salesforce-com,2.5.0,webworks,C:\github\tibco-docs-aem\en-us-tib-bw-plugin-userdocs\en-us\tibco-activematrix-businessworks-plug-in-for-salesforce-com\online-help\2-5-0,yes,version not in sitemap,"no Coveo sitemap page list for this version (the cached sitemap of tibco-activematrix-businessworks-plug-in-for-salesforce-com lists no page list for 2.5.0) and no usable template in config/origin-urls.yaml (none is declared), so no 301.yml was written"
tibco,bw-plugin,tibco-activematrix-businessworks-plug-in-for-salesforce-com,2.6.0,flare,C:\github\tibco-docs-aem\en-us-tib-bw-plugin-userdocs\en-us\tibco-activematrix-businessworks-plug-in-for-salesforce-com\online-help\2-6-0,yes,version not in sitemap,"no Coveo sitemap page list for this version (the cached sitemap of tibco-activematrix-businessworks-plug-in-for-salesforce-com lists no page list for 2.6.0) and no usable template in config/origin-urls.yaml (none is declared), so no 301.yml was written"
tibco,bw-plugin,tibco-activematrix-businessworks-plug-in-for-servicenow,6.1.0,dita,C:\github\tibco-docs-aem\en-us-tib-bw-plugin-userdocs\en-us\tibco-activematrix-businessworks-plug-in-for-servicenow\online-help\6-1-0,yes,version not in sitemap,"no Coveo sitemap page list for this version (the cached sitemap of tibco-activematrix-businessworks-plug-in-for-servicenow lists no page list for 6.1.0) and no usable template in config/origin-urls.yaml (none is declared), so no 301.yml was written"
tibco,tra,tibco-designer-add-in-for-tibco-business-studio,1.0.0,webworks,C:\github\tibco-docs-aem\en-us-tib-tra-userdocs\en-us\tibco-designer-add-in-for-tibco-business-studio\online-help\1-0-0,yes,product not in sitemap,"no Coveo sitemap page list for this version (cache/coveo/manifest.json lists no product file for tibco-designer-add-in-for-tibco-business-studio) and no usable template in config/origin-urls.yaml (none is declared), so no 301.yml was written"
tibco,tra,tibco-designer-add-in-for-tibco-business-studio,1.1.0,webworks,C:\github\tibco-docs-aem\en-us-tib-tra-userdocs\en-us\tibco-designer-add-in-for-tibco-business-studio\online-help\1-1-0,yes,product not in sitemap,"no Coveo sitemap page list for this version (cache/coveo/manifest.json lists no product file for tibco-designer-add-in-for-tibco-business-studio) and no usable template in config/origin-urls.yaml (none is declared), so no 301.yml was written"
tibco,tra,tibco-designer-add-in-for-tibco-business-studio,1.1.1,webworks,C:\github\tibco-docs-aem\en-us-tib-tra-userdocs\en-us\tibco-designer-add-in-for-tibco-business-studio\online-help\1-1-1,yes,product not in sitemap,"no Coveo sitemap page list for this version (cache/coveo/manifest.json lists no product file for tibco-designer-add-in-for-tibco-business-studio) and no usable template in config/origin-urls.yaml (none is declared), so no 301.yml was written"
tibco,tra,tibco-designer-add-in-for-tibco-business-studio,1.2.0,webworks,C:\github\tibco-docs-aem\en-us-tib-tra-userdocs\en-us\tibco-designer-add-in-for-tibco-business-studio\online-help\1-2-0,yes,product not in sitemap,"no Coveo sitemap page list for this version (cache/coveo/manifest.json lists no product file for tibco-designer-add-in-for-tibco-business-studio) and no usable template in config/origin-urls.yaml (none is declared), so no 301.yml was written"
tibco,tra,tibco-designer-add-in-for-tibco-business-studio,1.3.1,webworks,C:\github\tibco-docs-aem\en-us-tib-tra-userdocs\en-us\tibco-designer-add-in-for-tibco-business-studio\online-help\1-3-1,yes,product not in sitemap,"no Coveo sitemap page list for this version (cache/coveo/manifest.json lists no product file for tibco-designer-add-in-for-tibco-business-studio) and no usable template in config/origin-urls.yaml (none is declared), so no 301.yml was written"
tibco,tra,tibco-designer-add-in-for-tibco-business-studio,1.3.2,webworks,C:\github\tibco-docs-aem\en-us-tib-tra-userdocs\en-us\tibco-designer-add-in-for-tibco-business-studio\online-help\1-3-2,yes,product not in sitemap,"no Coveo sitemap page list for this version (cache/coveo/manifest.json lists no product file for tibco-designer-add-in-for-tibco-business-studio) and no usable template in config/origin-urls.yaml (none is declared), so no 301.yml was written"
tibco,tra,tibco-designer-add-in-for-tibco-business-studio,1.4.0,webworks,C:\github\tibco-docs-aem\en-us-tib-tra-userdocs\en-us\tibco-designer-add-in-for-tibco-business-studio\online-help\1-4-0,yes,product not in sitemap,"no Coveo sitemap page list for this version (cache/coveo/manifest.json lists no product file for tibco-designer-add-in-for-tibco-business-studio) and no usable template in config/origin-urls.yaml (none is declared), so no 301.yml was written"
tibco,tra,tibco-designer-add-in-for-tibco-business-studio,1.5.0,webworks,C:\github\tibco-docs-aem\en-us-tib-tra-userdocs\en-us\tibco-designer-add-in-for-tibco-business-studio\online-help\1-5-0,yes,product not in sitemap,"no Coveo sitemap page list for this version (cache/coveo/manifest.json lists no product file for tibco-designer-add-in-for-tibco-business-studio) and no usable template in config/origin-urls.yaml (none is declared), so no 301.yml was written"
